from,to
1,5471
2,5472
3,5473
4,5474
5,5475
6,5476
7,5477
8,5478
9,5479
10,5480
11,5481
12,5482
13,5483
14,5484
15,5485
16,5486
17,5487
18,5488
19,5489
20,5490
21,5491
22,5492
23,5493
24,5494
25,5495
26,5496
27,5497
28,5498
29,5499
30,5500
31,5501
32,5502
33,5503
34,5504
35,5505
36,5506
37,5507
38,5508
39,5509
40,5510
41,5511
42,5512
43,5513
44,5514
45,5515
46,5516
47,5517
48,5518
49,5519
50,5520
51,5521
52,5522
53,5523
54,5524
55,5525
56,5526
57,5527
58,5528
59,5529
60,5530
61,5531
62,5532
63,5533
64,5534
65,5535
66,5536
67,5537
68,5538
69,5539
70,5540
71,5541
72,5542
73,5543
74,5544
75,5545
76,5546
77,5547
78,5548
79,5549
80,5550
81,5551
82,5552
83,5553
84,5554
85,5555
86,5556
87,5557
88,5558
89,5559
90,5560
91,5561
92,5562
93,5563
94,5564
95,5565
96,5566
97,5567
98,5568
99,5569
100,5570
101,5571
102,5572
103,5573
104,5574
105,5575
106,5576
107,5577
108,5578
109,5579
110,5580
111,5581
112,5582
113,5583
114,5584
115,5585
116,5586
117,5587
118,5588
119,5589
120,5590
121,5591
122,5592
123,5593
124,5594
125,5595
126,5596
127,5597
128,5598
129,5599
130,5600
131,5601
132,5602
133,5603
134,5604
135,5605
136,5606
137,5607
138,5608
139,5609
140,5610
141,5611
142,5612
143,5613
144,5614
145,5615
146,5616
147,5617
148,5618
149,5619
150,5620
151,5621
152,5622
153,5623
154,5624
155,5625
156,5626
157,5627
158,5628
159,5629
160,5630
161,5631
162,5632
163,5633
164,5634
165,5635
166,5636
167,5637
168,5638
169,5639
170,5640
171,5641
172,5642
173,5643
174,5644
175,5645
176,5646
177,5647
178,5648
179,5649
180,5650
181,5651
182,5652
183,5653
184,5654
185,5655
186,5656
187,5657
188,5658
189,5659
190,5660
191,5661
192,5662
193,5663
194,5664
195,5665
196,5666
197,5667
198,5668
199,5669
200,5670
201,5671
202,5672
203,5673
204,5674
205,5675
206,5676
207,5677
208,5678
209,5679
210,5680
211,5681
212,5682
213,5683
214,5684
215,5685
216,5686
217,5687
218,5688
219,5689
220,5690
221,5691
222,5692
223,5693
224,5694
225,5695
226,5696
227,5697
228,5698
229,5699
230,5700
231,5701
232,5702
233,5703
234,5704
235,5705
236,5706
237,5707
238,5708
239,5709
240,5710
241,5711
242,5712
243,5713
244,5714
245,5715
246,5716
247,5717
248,5718
249,5719
250,5720
251,5721
252,5722
253,5723
254,5724
255,5725
256,5638
257,5726
258,5727
259,5728
260,5729
261,5730
262,5731
263,5732
264,5733
265,5734
266,5735
267,5736
268,5737
269,5738
270,5739
271,5740
272,5741
273,5742
274,5743
275,5744
276,5745
277,5746
278,5747
279,5748
280,5749
281,5750
282,5751
283,5752
284,5753
285,5754
286,5755
287,5756
288,5757
289,5758
290,5759
291,5760
292,5761
293,5762
294,5763
295,5764
296,5765
297,5766
298,5767
299,5768
300,5769
301,5770
302,5771
303,5772
304,5773
305,5774
306,5775
307,5776
308,5777
309,5778
310,5779
311,5780
312,5781
313,5782
314,5783
315,5784
316,5785
317,5786
318,5787
319,5788
320,5789
321,5790
322,5791
323,5792
324,5793
325,5794
326,5795
327,5796
328,5797
329,5798
330,5799
331,5800
332,5801
333,5802
334,5803
335,5804
336,5805
337,5806
338,5807
339,5808
340,5809
341,5810
342,5811
343,5812
344,5813
345,5814
346,5815
347,5816
348,5817
349,5818
350,5819
351,5820
352,5821
353,5822
354,5823
355,5824
356,5825
357,5826
358,5827
359,5828
360,5829
361,5830
362,5831
363,5832
364,5833
365,5834
366,5835
367,5836
368,5837
369,5838
370,5839
371,5840
372,5841
373,5842
374,5843
375,5844
376,5845
377,5846
378,5847
379,5848
380,5849
381,5850
382,5851
383,5852
384,5853
385,5854
386,5855
387,5856
388,5857
389,5858
390,5859
391,5860
392,5861
393,5862
394,5863
395,5864
396,5865
397,5866
398,5867
399,5868
400,5869
401,5870
402,5871
403,5872
404,5873
405,5874
406,5875
407,5876
408,5877
409,5878
410,5879
411,5880
412,5881
413,5882
414,5883
415,5884
416,5885
417,5886
418,5887
419,5888
420,5889
421,5890
422,5891
423,5892
424,5893
425,5894
426,5895
427,5896
428,5897
429,5898
430,5899
431,5900
432,5901
433,5902
434,5903
435,5904
436,5905
437,5906
438,5907
439,5908
440,5909
441,5910
442,5911
443,5912
444,5913
445,5914
446,5915
447,5916
448,5917
449,5918
450,5919
451,5920
452,5921
453,5922
454,5923
455,5924
456,5925
457,5926
458,5927
459,5928
460,5929
461,5930
462,5931
463,5932
464,5933
465,5934
466,5935
467,5936
468,5937
469,5938
470,5939
471,5940
472,5941
473,5942
474,5943
475,5944
476,5945
477,5946
478,5947
479,5948
480,5949
481,5950
482,5951
483,5952
484,5953
485,5954
486,5955
487,5956
488,5957
489,5958
490,5959
491,5960
492,5961
493,5962
494,5963
495,5964
496,5965
497,5966
498,5967
499,5968
500,5969
501,5970
502,5971
503,5972
504,5973
505,5974
506,5975
507,5976
508,5977
509,5978
510,5979
511,5980
512,5981
513,5982
514,5983
515,5984
516,5985
517,5986
518,5987
519,5988
520,5989
521,5990
522,5991
523,5992
524,5993
525,5994
526,5995
527,5996
528,5997
529,5998
530,5999
531,6000
532,6001
533,6002
534,6003
535,6004
536,6005
537,6006
538,6007
539,6008
540,6009
541,6010
542,6011
543,6012
544,6013
545,6014
546,6015
547,6016
548,6017
549,6018
550,6019
551,6020
552,6021
553,6022
554,6023
555,6024
556,6025
557,6026
558,6027
559,6028
560,6029
561,6030
562,6031
563,6032
564,6033
565,6034
566,6035
567,6036
568,6037
569,6038
570,6039
571,6040
572,6041
573,6042
574,6043
575,6044
576,6045
577,6046
578,6047
579,6048
580,6049
581,6050
582,6051
583,6052
584,6053
585,6054
586,6055
587,6056
588,6057
589,6058
590,6059
591,6060
592,6061
593,6062
594,6063
595,6064
596,6065
597,6066
598,6067
599,6068
600,6069
601,6070
602,6071
603,6072
604,6073
605,6074
606,6075
607,6076
608,6077
609,6078
610,6079
611,6080
612,6081
613,6082
614,6083
615,6084
616,6085
617,6086
618,6087
619,6088
620,6089
621,6090
622,6091
623,6092
624,6093
625,6094
626,6095
627,6096
628,6097
629,6098
630,6099
631,6100
632,6101
633,6102
634,6103
635,6104
636,6105
637,6106
638,6107
639,6108
640,6109
641,6110
642,6111
643,6112
644,6113
645,6114
646,6115
647,6116
648,6117
649,6118
650,6119
651,6120
652,6121
653,6122
654,6123
655,6124
656,6125
657,6126
658,6127
659,6128
660,6129
661,6130
662,6131
663,6132
664,6133
665,6134
666,6135
667,6136
668,6137
669,6138
670,6139
671,6140
672,6141
673,6142
674,6143
675,6144
676,6145
677,6146
678,6147
679,6148
680,6149
681,6150
682,6151
683,6152
684,6153
685,6154
686,6155
687,6156
688,6157
689,6158
690,6159
691,6160
692,6161
693,6162
694,6163
695,6164
696,6165
697,6166
698,6167
699,6168
700,6169
701,6170
702,6171
703,6172
704,6173
705,6174
706,6175
707,6176
708,6177
709,6178
710,6179
711,6180
712,6181
713,6182
714,6183
715,6184
716,6185
717,6186
718,6187
719,6188
720,6189
721,6190
722,6191
723,6192
724,6193
725,6194
726,6195
727,6196
728,6197
729,6198
730,6199
731,6200
732,6201
733,6202
734,6203
735,6204
736,6205
737,6206
738,6207
739,6208
740,6209
741,6210
742,6211
743,6212
744,6213
745,6214
746,6215
747,6216
748,6217
749,6218
750,6219
751,6220
752,6221
753,6222
754,6223
755,6224
756,6225
757,6226
758,6227
759,6228
760,6229
761,6230
762,6231
763,6232
764,6233
765,6234
766,6235
767,6236
768,6237
769,6238
770,6239
771,6240
772,6241
773,6242
774,6243
775,6244
776,6245
777,6246
778,6247
779,6248
780,6249
781,6250
782,6251
783,6252
784,6253
785,6254
786,6255
787,6256
788,6257
789,6258
790,6259
791,6260
792,6261
793,6262
794,6263
795,6264
796,6265
797,6266
798,6267
799,6268
800,6269
801,6270
802,6271
803,6272
804,6273
805,6274
806,6275
807,6276
808,6277
809,6278
810,6279
811,6280
812,6281
813,6282
814,6283
815,6284
816,6285
817,6286
818,6287
819,6288
820,6289
821,6290
822,6291
823,6292
824,6293
825,6294
826,6295
827,6296
828,6297
829,6298
830,6299
831,6300
832,6301
833,6302
834,6303
835,6304
836,6305
837,6306
838,6307
839,6308
840,6309
841,6310
842,6311
843,6312
844,6313
845,6314
846,6315
847,6316
848,6317
849,6318
850,6319
851,6320
852,6321
853,6322
854,6323
855,6324
856,6325
857,6326
858,6327
859,6328
860,6329
861,6330
862,6331
863,6332
864,6333
865,6334
866,6335
867,6336
868,6337
869,6338
870,6339
871,6340
872,6341
873,6342
874,6343
875,6344
876,6345
877,6346
878,6347
879,6348
880,6349
881,6350
882,6351
883,6352
884,6353
885,6354
886,6355
887,6356
888,6357
889,6358
890,6359
891,6360
892,6361
893,6362
894,6363
895,6364
896,6365
897,6366
898,6367
899,6368
900,6369
901,6370
902,6371
903,6372
904,6373
905,6374
906,6375
907,6376
908,6377
909,6378
910,6379
911,6380
912,6381
913,6382
914,6383
915,6384
916,6208
917,6385
918,6386
919,6387
920,6388
921,6389
922,6390
923,6391
924,6392
925,6393
926,6394
927,6395
928,6396
929,6397
930,6398
931,6399
932,6400
933,6401
934,6402
935,6403
936,6404
937,6405
938,6406
939,6407
940,6408
941,6409
942,6410
943,6411
944,6412
945,6413
946,6414
947,6415
948,6416
949,6417
950,6418
951,6419
952,6420
953,6421
954,6422
955,6423
956,6424
957,6425
958,6426
959,6427
960,6428
961,6429
962,6430
963,6431
964,6432
965,6433
966,6434
967,5511
968,6435
969,6436
970,6391
971,6437
972,6438
973,6439
974,6440
975,6441
976,6442
977,6443
978,6444
979,6445
980,6446
981,6447
982,6448
983,6449
984,6450
985,6451
986,6452
987,6453
988,6454
989,6455
990,6456
991,6457
992,6458
993,6459
994,6460
995,6461
996,6462
997,6463
998,6464
999,6465
1000,6466
1001,6467
1002,6468
1003,6469
1004,6470
1005,6471
1006,6472
1007,6473
1008,6474
1009,6475
1010,6476
1011,6477
1012,6478
1013,6479
1014,6480
1015,6481
1016,6482
1017,6483
1018,6484
1019,6485
1020,6486
1021,6487
1022,6488
1023,6489
1024,6490
1025,6491
1026,6492
1027,6493
1028,6494
1029,6495
1030,6496
1031,6497
1032,6498
1033,6499
1034,6500
1035,6501
1036,6502
1037,6503
1038,6504
1039,6505
1040,6506
1041,6507
1042,6508
1043,6509
1044,6510
1045,6511
1046,6512
1047,6513
1048,6514
1049,6515
1050,6516
1051,6517
1052,6518
1053,6519
1054,6520
1055,6521
1056,6522
1057,6523
1058,6524
1059,6525
1060,6526
1061,6527
1062,6528
1063,6529
1064,6530
1065,6531
1066,6532
1067,6533
1068,6534
1069,6535
1070,6536
1071,6537
1072,6538
1073,6539
1074,6540
1075,6541
1076,6542
1077,6543
1078,6544
1079,6545
1080,6546
1081,6547
1082,6548
1083,6549
1084,6550
1085,6551
1086,6552
1087,6553
1088,6554
1089,6555
1090,6556
1091,6557
1092,6558
1093,6559
1094,6560
1095,6561
1096,6562
1097,6563
1098,6564
1099,6565
1100,6566
1101,6567
1102,6568
1103,6569
1104,6570
1105,6571
1106,6572
1107,6573
1108,6574
1109,6575
1110,6576
1111,6577
1112,6578
1113,6579
1114,6580
1115,6581
1116,6582
1117,6583
1118,6584
1119,6585
1120,6586
1121,6587
1122,6588
1123,6589
1124,6590
1125,6591
1126,6592
1127,6593
1128,6594
1129,6595
1130,6596
1131,6597
1132,6598
1133,6599
1134,6600
1135,6601
1136,6602
1137,6603
1138,6604
1139,6605
1140,6606
1141,6607
1142,6608
1143,6609
1144,6610
1145,6611
1146,6612
1147,6613
1148,6614
1149,6615
1150,6616
1151,6617
1152,6618
1153,6619
1154,6620
1155,6621
1156,6622
1157,6623
1158,6624
1159,6625
1160,6626
1161,6627
1162,6628
1163,6629
1164,6630
1165,6631
1166,6632
1167,6633
1168,6634
1169,6635
1170,6636
1171,6637
1172,6638
1173,6639
1174,6640
1175,6641
1176,6642
1177,6643
1178,6644
1179,6645
1180,6646
1181,6647
1182,6648
1183,6649
1184,6480
1185,6650
1186,6651
1187,6652
1188,6653
1189,6654
1190,6655
1191,6656
1192,6657
1193,6658
1194,6659
1195,6660
1196,6661
1197,6662
1198,6663
1199,6664
1200,6665
1201,6666
1202,6667
1203,6668
1204,6669
1205,6670
1206,6671
1207,6672
1208,6673
1209,6674
1210,6675
1211,6676
1212,6677
1213,6678
1214,6679
1215,6680
1216,6681
1217,6682
1218,6683
1219,6684
1220,6685
1221,6686
1222,6687
1223,6688
1224,6689
1225,6690
1226,6691
1227,6692
1228,6693
1229,6694
1230,6695
1231,6696
1232,6697
1233,6698
1234,6699
1235,6700
1236,6701
1237,6702
1238,6703
1239,6704
1240,6705
1241,6706
1242,6707
1243,6708
1244,6709
1245,6710
1246,6711
1247,6712
1248,6713
1249,6714
1250,6715
1251,6716
1252,6717
1253,6718
1254,6719
1255,6720
1256,6721
1257,6722
1258,6723
1259,6724
1260,6725
1261,6726
1262,6727
1263,6728
1264,6729
1265,6730
1266,6731
1267,6732
1268,6733
1269,6734
1270,6735
1271,6736
1272,6737
1273,6738
1274,6739
1275,6740
1276,6741
1277,6742
1278,6743
1279,6744
1280,6745
1281,6746
1282,6747
1283,6748
1284,6749
1285,6750
1286,6751
1287,6752
1288,6753
1289,6754
1290,6755
1291,6756
1292,6757
1293,6758
1294,6759
1295,6760
1296,6761
1297,6762
1298,6763
1299,6764
1300,6765
1301,6766
1302,6767
1303,6768
1304,6769
1305,6770
1306,6771
1307,6772
1308,6773
1309,6774
1310,6775
1311,6776
1312,6777
1313,6778
1314,6779
1315,6780
1316,6781
1317,6782
1318,6783
1319,6784
1320,6785
1321,6786
1322,6787
1323,6788
1324,6789
1325,6790
1326,6791
1327,6792
1328,6793
1329,6794
1330,6795
1331,6796
1332,6797
1333,6798
1334,6799
1335,6800
1336,6801
1337,6802
1338,6803
1339,6804
1340,6805
1341,6806
1342,6807
1343,6808
1344,6809
1345,6810
1346,6811
1347,6812
1348,6813
1349,6814
1350,6815
1351,6816
1352,6817
1353,6818
1354,6819
1355,6820
1356,6821
1357,6822
1358,6823
1359,6824
1360,6825
1361,6826
1362,6827
1363,6828
1364,6829
1365,6830
1366,6831
1367,6832
1368,6833
1369,6834
1370,6835
1371,6836
1372,6837
1373,6838
1374,6839
1375,6840
1376,6841
1377,6842
1378,6843
1379,6844
1380,6845
1381,6846
1382,6847
1383,6848
1384,6849
1385,6850
1386,6851
1387,6852
1388,6853
1389,6854
1390,6855
1391,6856
1392,6857
1393,6858
1394,6859
1395,6860
1396,6861
1397,6862
1398,6863
1399,6864
1400,6865
1401,6866
1402,6867
1403,6868
1404,6869
1405,6870
1406,6871
1407,6872
1408,6873
1409,6874
1410,6875
1411,6876
1412,6877
1413,6878
1414,6879
1415,6880
1416,6881
1417,6882
1418,6883
1419,6884
1420,6885
1421,6886
1422,6887
1423,6888
1424,6889
1425,6254
1426,6890
1427,6891
1428,6892
1429,6893
1430,6894
1431,6895
1432,6896
1433,6897
1434,6898
1435,6899
1436,6254
1437,6900
1438,6901
1439,6902
1440,6903
1441,6904
1442,6905
1443,6906
1444,6907
1445,6908
1446,6909
1447,6910
1448,6911
1449,6912
1450,6913
1451,6914
1452,6915
1453,6916
1454,6917
1455,6918
1456,6919
1457,6920
1458,6921
1459,6922
1460,6923
1461,6924
1462,6925
1463,6926
1464,6927
1465,6928
1466,6929
1467,6930
1468,6931
1469,6932
1470,6933
1471,6934
1472,6935
1473,6936
1474,6937
1475,6938
1476,6939
1477,6940
1478,6941
1479,6942
1480,6943
1481,6944
1482,6945
1483,6946
1484,6947
1485,6948
1486,6949
1487,6950
1488,6951
1489,6952
1490,6953
1491,6954
1492,6955
1493,6956
1494,6957
1495,6958
1496,6959
1497,6960
1498,6961
1499,6962
1500,6963
1501,6964
1502,6965
1503,6966
1504,6967
1505,6968
1506,6969
1507,6970
1508,6971
1509,6972
1510,6973
1511,6974
1512,6975
1513,6976
1514,6977
1515,6978
1516,6979
1517,6980
1518,6981
1519,6982
1520,6983
1521,6984
1522,6985
1523,6986
1524,6987
1525,6988
1526,6989
1527,6990
1528,6991
1529,6992
1530,6993
1531,6994
1532,6995
1533,6996
1534,6997
1535,6998
1536,6999
1537,7000
1538,7001
1539,7002
1540,7003
1541,7004
1542,7005
1543,7006
1544,7007
1545,7008
1546,7009
1547,7010
1548,7011
1549,7012
1550,7013
1551,7014
1552,7015
1553,7016
1554,7017
1555,7018
1556,7019
1557,7020
1558,7021
1559,7022
1560,7023
1561,7024
1562,7025
1563,7026
1564,7027
1565,7028
1566,7029
1567,7030
1568,7031
1569,7032
1570,7033
1571,7034
1572,7035
1573,7036
1574,7037
1575,7038
1576,7039
1577,7040
1578,7041
1579,7042
1580,7043
1581,7044
1582,7045
1583,7046
1584,7047
1585,7048
1586,7049
1587,7050
1588,7051
1589,7052
1590,7053
1591,7054
1592,7055
1593,7056
1594,7057
1595,7058
1596,7059
1597,7060
1598,7061
1599,7062
1600,7063
1601,7064
1602,7065
1603,7066
1604,7067
1605,7068
1606,7069
1607,7070
1608,7071
1609,7072
1610,7073
1611,7074
1612,7075
1613,7076
1614,7077
1615,7078
1616,7079
1617,7080
1618,7081
1619,7082
1620,7083
1621,7084
1622,7085
1623,7086
1624,7087
1625,7088
1626,7089
1627,7090
1628,7091
1629,7092
1630,7093
1631,7094
1632,7095
1633,7096
1634,7097
1635,7098
1636,7099
1637,7100
1638,7101
1639,7102
1640,7103
1641,7104
1642,7105
1643,7106
1644,7107
1645,7108
1646,7109
1647,7110
1648,7111
1649,7112
1650,7113
1651,7114
1652,7115
1653,7116
1654,7117
1655,7118
1656,7119
1657,7120
1658,7121
1659,7122
1660,7123
1661,7124
1662,7125
1663,7126
1664,7127
1665,7128
1666,7129
1667,7130
1668,7131
1669,7132
1670,7133
1671,7134
1672,7135
1673,7136
1674,7137
1675,7138
1676,7139
1677,7140
1678,7141
1679,7142
1680,7143
1681,7144
1682,7145
1683,7146
1684,7147
1685,7148
1686,7149
1687,7150
1688,7151
1689,7152
1690,7153
1691,7154
1692,7155
1693,7156
1694,7157
1695,7158
1696,7159
1697,7160
1698,7161
1699,7162
1700,7163
1701,7164
1702,7165
1703,7166
1704,7167
1705,7168
1706,7169
1707,7170
1708,7171
1709,7172
1710,7173
1711,7174
1712,7175
1713,7176
1714,7177
1715,7178
1716,7179
1717,7180
1718,7181
1719,7182
1720,7183
1721,7184
1722,7185
1723,7186
1724,7187
1725,7188
1726,7189
1727,7190
1728,7191
1729,7192
1730,7193
1731,7194
1732,7195
1733,7196
1734,7197
1735,7198
1736,7199
1737,7200
1738,7201
1739,7202
1740,7203
1741,7204
1742,7205
1743,7206
1744,7207
1745,7208
1746,7209
1747,7210
1748,7211
1749,7212
1750,7213
1751,7214
1752,6461
1753,7215
1754,7216
1755,7217
1756,7218
1757,7219
1758,7220
1759,7221
1760,7222
1761,7223
1762,7224
1763,7225
1764,7226
1765,7227
1766,7228
1767,7229
1768,7230
1769,7231
1770,7232
1771,7233
1772,7234
1773,7235
1774,7236
1775,7237
1776,7238
1777,7239
1778,7240
1779,7241
1780,7242
1781,7243
1782,7244
1783,7245
1784,7246
1785,7247
1786,7248
1787,7249
1788,7250
1789,7251
1790,7252
1791,7253
1792,7254
1793,7255
1794,7256
1795,7257
1796,7258
1797,7259
1798,7260
1799,7261
1800,7262
1801,7263
1802,7264
1803,7265
1804,7266
1805,7267
1806,7268
1807,7269
1808,7270
1809,7271
1810,7272
1811,7273
1812,7274
1813,7275
1814,7276
1815,7277
1816,7278
1817,7279
1818,7280
1819,7281
1820,7282
1821,7283
1822,7284
1823,7285
1824,7286
1825,6527
1826,7287
1827,7288
1828,7289
1829,7290
1830,7291
1831,7292
1832,7293
1833,7294
1834,7295
1835,7296
1836,7297
1837,7298
1838,7299
1839,7300
1840,7301
1841,7302
1842,7303
1843,7304
1844,7305
1845,7306
1846,7307
1847,7308
1848,7309
1849,7310
1850,7311
1851,7312
1852,7313
1853,7314
1854,7315
1855,7316
1856,7317
1857,7318
1858,7319
1859,7320
1860,7321
1861,7322
1862,7323
1863,7324
1864,7325
1865,7326
1866,7327
1867,7328
1868,7329
1869,7330
1870,7331
1871,7332
1872,7333
1873,7334
1874,7335
1875,7336
1876,7337
1877,7338
1878,7339
1879,7340
1880,7341
1881,7342
1882,7343
1883,7344
1884,7345
1885,7346
1886,7347
1887,7348
1888,7349
1889,7350
1890,7351
1891,7352
1892,7353
1893,7354
1894,7355
1895,7356
1896,7357
1897,7358
1898,7359
1899,7360
1900,7361
1901,7362
1902,7363
1903,7364
1904,7365
1905,7366
1906,7367
1907,7368
1908,7369
1909,7370
1910,7371
1911,7372
1912,7373
1913,7374
1914,7375
1915,7376
1916,7377
1917,7378
1918,7379
1919,7380
1920,7381
1921,7382
1922,7383
1923,7384
1924,7385
1925,7386
1926,7387
1927,7388
1928,7389
1929,7390
1930,7391
1931,7392
1932,7393
1933,7394
1934,7395
1935,7396
1936,7397
1937,7398
1938,7399
1939,7400
1940,7401
1941,7402
1942,7403
1943,7404
1944,7405
1945,7406
1946,7407
1947,7408
1948,7409
1949,7410
1950,7411
1951,7412
1952,7413
1953,7414
1954,7415
1955,7416
1956,7417
1957,7418
1958,7419
1959,7420
1960,7421
1961,7422
1962,7423
1963,7424
1964,7425
1965,7426
1966,7427
1967,7428
1968,7429
1969,7430
1970,7431
1971,7432
1972,7433
1973,7434
1974,7435
1975,7436
1976,7437
1977,7438
1978,7439
1979,7440
1980,7441
1981,7442
1982,7443
1983,7444
1984,7445
1985,7446
1986,7447
1987,7448
1988,7449
1989,7450
1990,7451
1991,7452
1992,7453
1993,7454
1994,7455
1995,7456
1996,7457
1997,7458
1998,7459
1999,7460
2000,7461
2001,7462
2002,7463
2003,7464
2004,7465
2005,7466
2006,7467
2007,7468
2008,7469
2009,7470
2010,7471
2011,7472
2012,7473
2013,7474
2014,7475
2015,7476
2016,7477
2017,7478
2018,7479
2019,7480
2020,7481
2021,7482
2022,7483
2023,7484
2024,7485
2025,7486
2026,7487
2027,7488
2028,7489
2029,7490
2030,7491
2031,7492
2032,7493
2033,7494
2034,7495
2035,7496
2036,7497
2037,7498
2038,7499
2039,7500
2040,7501
2041,7502
2042,7503
2043,7504
2044,7505
2045,7506
2046,7507
2047,7508
2048,7509
2049,7510
2050,7511
2051,7512
2052,7513
2053,7514
2054,7515
2055,7516
2056,7517
2057,7518
2058,7519
2059,7520
2060,7521
2061,7522
2062,7523
2063,7524
2064,7525
2065,7526
2066,7527
2067,7528
2068,7529
2069,7530
2070,7531
2071,7532
2072,7533
2073,7534
2074,7535
2075,7536
2076,7537
2077,7538
2078,7539
2079,7540
2080,7541
2081,7542
2082,7543
2083,7544
2084,7545
2085,7546
2086,7547
2087,7548
2088,7549
2089,7550
2090,7551
2091,7552
2092,7553
2093,7554
2094,7555
2095,7556
2096,7557
2097,7558
2098,7559
2099,7560
2100,7561
2101,7562
2102,7563
2103,7564
2104,7565
2105,7566
2106,7567
2107,7568
2108,7569
2109,7570
2110,7571
2111,7572
2112,7573
2113,7574
2114,7575
2115,7576
2116,7577
2117,7578
2118,7579
2119,7580
2120,7581
2121,7582
2122,7583
2123,7584
2124,7585
2125,7586
2126,7587
2127,7588
2128,7589
2129,7590
2130,7591
2131,7592
2132,7593
2133,7594
2134,7595
2135,7596
2136,7597
2137,7598
2138,7599
2139,7600
2140,7601
2141,7602
2142,7603
2143,7604
2144,7605
2145,7606
2146,7607
2147,7608
2148,7609
2149,7610
2150,7611
2151,7612
2152,7613
2153,7614
2154,7615
2155,7616
2156,7617
2157,7618
2158,7619
2159,7620
2160,7621
2161,7622
2162,7623
2163,7624
2164,7625
2165,7626
2166,7627
2167,7628
2168,7629
2169,7630
2170,7631
2171,7632
2172,7633
2173,7634
2174,7635
2175,7636
2176,7637
2177,7638
2178,7639
2179,7640
2180,7641
2181,7642
2182,7643
2183,7644
2184,7645
2185,7646
2186,7647
2187,7648
2188,7649
2189,7650
2190,7651
2191,7652
2192,7653
2193,7654
2194,7655
2195,7656
2196,7657
2197,7658
2198,7659
2199,7660
2200,7661
2201,7662
2202,7663
2203,7664
2204,7665
2205,7666
2206,7667
2207,7668
2208,7669
2209,7670
2210,7671
2211,7672
2212,7673
2213,7674
2214,7675
2215,7676
2216,7677
2217,7678
2218,7679
2219,7680
2220,7681
2221,7682
2222,7683
2223,7684
2224,7685
2225,7686
2226,7687
2227,7688
2228,7689
2229,7690
2230,7691
2231,7692
2232,7693
2233,7694
2234,7695
2235,7696
2236,7697
2237,7698
2238,7699
2239,7700
2240,7701
2241,7702
2242,7703
2243,7704
2244,7705
2245,7706
2246,7707
2247,7708
2248,7709
2249,7710
2250,7711
2251,7712
2252,7713
2253,7714
2254,7715
2255,7716
2256,7717
2257,7718
2258,7719
2259,7720
2260,7721
2261,7722
2262,7723
2263,7724
2264,7725
2265,7726
2266,7727
2267,7728
2268,7729
2269,7730
2270,7731
2271,7732
2272,7733
2273,7734
2274,7735
2275,7736
2276,7737
2277,7738
2278,7739
2279,7740
2280,7741
2281,7742
2282,7743
2283,7744
2284,7745
2285,7746
2286,7747
2287,7748
2288,7749
2289,7750
2290,7751
2291,7752
2292,7753
2293,7754
2294,7755
2295,7756
2296,7757
2297,7758
2298,7759
2299,7760
2300,7761
2301,7762
2302,7763
2303,7764
2304,7765
2305,7766
2306,7767
2307,7768
2308,7769
2309,7770
2310,7771
2311,7772
2312,6208
2313,7773
2314,7774
2315,7775
2316,7776
2317,7777
2318,7778
2319,7779
2320,7780
2321,7781
2322,7782
2323,7783
2324,7784
2325,7785
2326,7786
2327,7787
2328,7788
2329,7789
2330,7790
2331,7791
2332,7792
2333,7793
2334,7794
2335,7795
2336,7796
2337,7797
2338,7798
2339,7799
2340,7800
2341,7801
2342,7802
2343,7803
2344,7804
2345,7805
2346,7806
2347,7807
2348,7808
2349,7809
2350,7810
2351,7811
2352,7812
2353,7813
2354,7814
2355,7815
2356,7816
2357,7817
2358,7818
2359,7819
2360,7820
2361,7821
2362,7822
2363,7823
2364,7824
2365,7825
2366,7826
2367,7827
2368,7828
2369,7829
2370,7830
2371,7831
2372,7832
2373,7833
2374,7834
2375,7835
2376,7836
2377,7837
2378,7838
2379,7839
2380,7840
2381,7841
2382,7842
2383,7843
2384,7844
2385,7845
2386,7846
2387,7847
2388,7848
2389,7849
2390,7850
2391,7851
2392,7852
2393,7853
2394,7854
2395,7855
2396,7856
2397,7857
2398,7858
2399,7859
2400,7860
2401,7861
2402,7862
2403,7863
2404,7864
2405,7865
2406,7866
2407,7867
2408,7868
2409,7869
2410,7870
2411,7871
2412,7872
2413,7873
2414,6519
2415,7874
2416,7875
2417,7876
2418,7877
2419,7878
2420,7879
2421,7880
2422,7881
2423,7882
2424,7883
2425,7884
2426,7885
2427,7886
2428,7887
2429,7888
2430,7889
2431,7890
2432,7891
2433,7892
2434,7893
2435,7894
2436,7895
2437,7896
2438,7897
2439,7898
2440,7899
2441,7900
2442,7901
2443,7902
2444,7903
2445,7904
2446,7905
2447,7906
2448,7907
2449,7908
2450,7909
2451,7910
2452,7911
2453,7912
2454,7913
2455,7914
2456,7915
2457,7916
2458,7917
2459,7918
2460,7919
2461,7920
2462,7921
2463,7922
2464,7923
2465,7924
2466,7925
2467,7926
2468,7927
2469,7928
2470,7929
2471,7930
2472,7931
2473,7932
2474,7933
2475,7934
2476,7935
2477,7936
2478,7937
2479,6827
2480,7938
2481,7939
2482,7940
2483,7941
2484,7942
2485,7943
2486,7944
2487,7945
2488,7946
2489,7947
2490,7948
2491,7949
2492,7950
2493,7951
2494,7952
2495,7953
2496,7954
2497,7955
2498,7956
2499,7957
2500,7958
2501,7959
2502,7960
2503,7961
2504,7962
2505,7963
2506,7964
2507,7965
2508,7966
2509,7967
2510,7968
2511,7969
2512,7970
2513,7971
2514,7972
2515,7973
2516,7974
2517,7975
2518,7976
2519,7977
2520,7978
2521,7979
2522,7980
2523,7981
2524,7982
2525,7983
2526,7984
2527,7985
2528,7986
2529,7987
2530,7988
2531,7989
2532,7990
2533,7991
2534,7992
2535,7993
2536,7994
2537,7995
2538,7996
2539,7997
2540,7998
2541,7999
2542,8000
2543,8001
2544,8002
2545,8003
2546,8004
2547,8005
2548,8006
2549,8007
2550,8008
2551,8009
2552,8010
2553,8011
2554,8012
2555,8013
2556,8014
2557,8015
2558,8016
2559,8017
2560,8018
2561,8019
2562,8020
2563,8021
2564,8022
2565,8023
2566,8024
2567,8025
2568,8026
2569,8027
2570,8028
2571,8029
2572,8030
2573,8031
2574,8032
2575,8033
2576,8034
2577,8035
2578,8036
2579,8037
2580,8038
2581,8039
2582,8040
2583,8041
2584,8042
2585,8043
2586,8044
2587,8045
2588,8046
2589,8047
2590,8048
2591,8049
2592,8050
2593,8051
2594,8052
2595,8053
2596,8054
2597,8055
2598,8056
2599,8057
2600,8058
2601,8059
2602,8060
2603,8061
2604,8062
2605,8063
2606,8064
2607,8065
2608,8066
2609,8067
2610,8068
2611,8069
2612,8070
2613,8071
2614,8072
2615,8073
2616,8074
2617,8075
2618,8076
2619,8077
2620,8078
2621,8079
2622,8080
2623,8081
2624,8082
2625,8083
2626,8084
2627,8085
2628,8086
2629,8087
2630,8088
2631,8089
2632,8090
2633,8091
2634,8092
2635,8093
2636,8094
2637,8095
2638,8096
2639,8097
2640,8098
2641,8099
2642,8100
2643,8101
2644,8102
2645,8103
2646,8104
2647,8105
2648,8106
2649,8107
2650,8108
2651,8109
2652,8110
2653,8111
2654,8112
2655,8113
2656,8114
2657,8115
2658,8116
2659,8117
2660,8118
2661,8119
2662,8120
2663,8121
2664,8122
2665,8123
2666,8124
2667,8125
2668,8126
2669,8127
2670,8128
2671,8129
2672,8130
2673,8131
2674,8132
2675,8133
2676,8134
2677,8135
2678,8136
2679,8137
2680,8138
2681,8139
2682,8140
2683,8141
2684,8142
2685,8143
2686,8144
2687,8145
2688,8146
2689,8147
2690,8148
2691,8149
2692,8150
2693,8151
2694,8152
2695,8153
2696,8154
2697,8155
2698,8156
2699,8157
2700,8158
2701,8159
2702,8160
2703,8161
2704,8162
2705,8163
2706,8164
2707,8165
2708,8166
2709,8167
2710,8168
2711,8169
2712,8170
2713,8171
2714,8172
2715,8173
2716,8174
2717,8175
2718,8176
2719,8177
2720,8178
2721,8179
2722,8180
2723,8181
2724,8182
2725,8183
2726,8184
2727,8185
2728,8186
2729,8187
2730,8188
2731,8189
2732,6386
2733,8190
2734,8191
2735,8192
2736,8193
2737,8194
2738,8195
2739,8196
2740,8197
2741,8198
2742,8199
2743,8200
2744,8201
2745,8202
2746,8203
2747,8204
2748,8205
2749,8206
2750,8207
2751,8208
2752,8209
2753,8210
2754,8211
2755,8212
2756,8213
2757,8214
2758,8215
2759,8216
2760,8217
2761,8218
2762,8219
2763,8220
2764,8221
2765,8222
2766,8223
2767,8224
2768,8225
2769,8226
2770,8227
2771,8228
2772,8229
2773,8230
2774,8231
2775,8232
2776,8233
2777,8234
2778,8235
2779,8236
2780,8237
2781,8238
2782,8239
2783,8240
2784,8241
2785,8242
2786,8243
2787,8244
2788,8245
2789,8246
2790,8247
2791,8248
2792,8249
2793,8250
2794,8251
2795,8252
2796,8253
2797,8254
2798,8255
2799,8256
2800,8257
2801,8258
2802,8259
2803,8260
2804,8261
2805,8262
2806,8263
2807,8264
2808,8265
2809,8266
2810,8267
2811,8268
2812,8269
2813,8270
2814,8271
2815,8272
2816,8273
2817,8274
2818,8275
2819,8276
2820,8277
2821,8278
2822,8279
2823,8280
2824,8281
2825,8282
2826,8283
2827,8284
2828,8285
2829,8286
2830,8287
2831,8288
2832,8289
2833,8290
2834,8291
2835,8292
2836,8293
2837,8294
2838,8295
2839,8296
2840,8297
2841,8298
2842,8299
2843,8300
2844,8301
2845,8302
2846,8303
2847,8304
2848,8305
2849,8306
2850,8307
2851,8308
2852,8309
2853,8310
2854,8311
2855,8312
2856,8313
2857,8314
2858,8315
2859,8316
2860,8317
2861,8318
2862,8319
2863,8320
2864,8321
2865,8322
2866,8323
2867,8324
2868,8325
2869,7597
2870,8326
2871,8327
2872,8328
2873,8329
2874,8330
2875,8331
2876,8332
2877,8333
2878,8334
2879,8335
2880,8336
2881,8337
2882,8338
2883,8339
2884,8340
2885,8341
2886,8342
2887,8343
2888,8344
2889,8345
2890,8346
2891,8347
2892,8348
2893,8349
2894,8350
2895,8351
2896,8352
2897,8353
2898,8354
2899,8355
2900,8356
2901,8357
2902,8350
2903,8358
2904,8359
2905,8360
2906,8361
2907,8362
2908,8363
2909,8364
2910,8365
2911,8366
2912,8367
2913,8368
2914,8369
2915,8370
2916,8371
2917,8372
2918,8373
2919,8374
2920,8375
2921,8376
2922,8377
2923,8378
2924,8379
2925,8380
2926,8381
2927,8382
2928,8383
2929,8384
2930,8385
2931,8386
2932,8387
2933,8388
2934,8389
2935,8390
2936,8391
2937,8392
2938,8393
2939,8394
2940,8395
2941,8396
2942,8397
2943,8398
2944,8399
2945,8400
2946,8401
2947,8402
2948,8403
2949,8404
2950,8405
2951,8406
2952,8407
2953,8408
2954,8409
2955,8410
2956,8411
2957,8412
2958,8413
2959,8414
2960,8415
2961,8416
2962,8417
2963,8418
2964,8419
2965,8420
2966,8421
2967,8422
2968,8423
2969,8424
2970,8425
2971,8426
2972,8427
2973,8428
2974,8429
2975,8430
2976,8431
2977,8432
2978,8433
2979,8434
2980,8435
2981,8436
2982,8437
2983,8438
2984,8439
2985,8440
2986,8441
2987,8442
2988,8443
2989,8444
2990,8445
2991,8446
2992,8447
2993,8448
2994,8449
2995,8450
2996,8451
2997,8452
2998,8453
2999,8454
3000,8455
3001,8456
3002,8457
3003,8458
3004,8459
3005,8460
3006,8461
3007,8462
3008,8463
3009,8464
3010,8465
3011,8466
3012,8467
3013,8468
3014,8469
3015,8470
3016,8471
3017,8472
3018,8473
3019,8474
3020,8475
3021,8476
3022,8477
3023,8478
3024,8479
3025,8480
3026,8481
3027,8482
3028,8483
3029,8484
3030,8485
3031,8486
3032,8487
3033,8488
3034,8489
3035,8490
3036,8491
3037,8492
3038,8493
3039,8494
3040,8495
3041,8496
3042,8497
3043,8498
3044,8499
3045,8500
3046,8501
3047,8502
3048,8503
3049,8504
3050,8505
3051,8506
3052,8507
3053,8508
3054,8509
3055,8510
3056,8511
3057,8512
3058,8513
3059,8514
3060,8515
3061,8516
3062,8517
3063,8518
3064,8519
3065,8520
3066,8521
3067,8522
3068,8523
3069,8524
3070,8525
3071,8526
3072,8527
3073,8528
3074,8529
3075,8530
3076,8531
3077,8532
3078,8533
3079,8534
3080,8535
3081,8536
3082,8537
3083,8538
3084,8539
3085,8540
3086,8541
3087,8542
3088,8543
3089,8544
3090,8545
3091,8546
3092,8547
3093,8548
3094,8549
3095,8550
3096,8551
3097,8552
3098,8553
3099,8554
3100,8555
3101,8556
3102,8557
3103,8558
3104,8559
3105,8560
3106,8561
3107,8562
3108,8563
3109,8564
3110,8565
3111,8566
3112,8567
3113,8568
3114,8569
3115,8570
3116,8571
3117,8572
3118,8573
3119,8574
3120,8575
3121,8576
3122,8577
3123,8578
3124,8579
3125,8580
3126,8581
3127,8582
3128,8583
3129,8584
3130,8585
3131,8586
3132,8587
3133,8588
3134,8589
3135,8590
3136,8591
3137,8592
3138,8593
3139,8594
3140,8595
3141,8596
3142,8597
3143,8598
3144,8599
3145,8600
3146,8601
3147,8602
3148,8603
3149,8604
3150,8605
3151,8606
3152,8607
3153,8608
3154,8609
3155,8610
3156,8611
3157,8612
3158,8613
3159,8614
3160,8615
3161,8616
3162,8617
3163,8618
3164,8619
3165,8620
3166,8621
3167,8622
3168,8623
3169,8624
3170,8625
3171,8626
3172,8627
3173,8628
3174,8629
3175,8630
3176,8631
3177,8632
3178,8633
3179,8634
3180,8635
3181,8636
3182,8637
3183,8638
3184,8639
3185,8640
3186,8641
3187,8642
3188,8643
3189,8644
3190,8645
3191,8646
3192,8647
3193,8648
3194,8649
3195,8650
3196,8651
3197,8652
3198,8653
3199,8654
3200,8655
3201,8656
3202,8657
3203,8658
3204,8659
3205,8660
3206,8661
3207,8662
3208,8663
3209,8664
3210,8665
3211,8666
3212,8667
3213,8668
3214,8669
3215,8670
3216,8671
3217,8672
3218,8673
3219,8674
3220,8675
3221,8676
3222,8677
3223,8678
3224,8679
3225,8680
3226,8681
3227,8682
3228,8683
3229,8684
3230,8685
3231,8686
3232,8687
3233,8688
3234,8689
3235,8690
3236,8691
3237,8692
3238,8693
3239,8694
3240,8695
3241,8696
3242,8697
3243,8698
3244,8699
3245,8700
3246,8701
3247,8702
3248,8703
3249,8704
3250,8705
3251,8706
3252,8707
3253,8708
3254,8709
3255,8710
3256,8711
3257,8712
3258,8713
3259,8714
3260,8715
3261,8716
3262,8717
3263,8718
3264,8719
3265,8720
3266,8721
3267,8722
3268,8723
3269,8724
3270,8725
3271,8726
3272,8727
3273,8728
3274,8729
3275,8730
3276,8731
3277,8732
3278,8733
3279,8734
3280,8735
3281,8736
3282,8737
3283,8738
3284,8739
3285,8740
3286,8741
3287,8742
3288,8743
3289,8744
3290,8745
3291,8746
3292,8747
3293,8748
3294,8749
3295,8750
3296,8751
3297,8752
3298,8753
3299,8754
3300,8755
3301,8756
3302,8757
3303,8758
3304,8759
3305,8760
3306,8761
3307,8762
3308,8763
3309,8764
3310,8765
3311,8766
3312,8767
3313,8768
3314,8769
3315,8770
3316,8771
3317,8772
3318,8773
3319,8774
3320,8775
3321,8776
3322,8777
3323,8778
3324,8779
3325,8780
3326,8781
3327,8782
3328,8783
3329,8784
3330,8785
3331,8786
3332,8787
3333,8788
3334,8789
3335,8790
3336,8791
3337,8792
3338,8793
3339,8794
3340,8795
3341,8796
3342,8797
3343,8798
3344,8799
3345,8800
3346,8801
3347,8802
3348,8803
3349,8804
3350,8805
3351,8806
3352,8807
3353,8808
3354,8809
3355,8810
3356,8811
3357,8812
3358,8813
3359,8814
3360,8815
3361,8816
3362,8817
3363,8818
3364,8819
3365,8820
3366,8821
3367,8822
3368,8823
3369,8824
3370,8825
3371,8826
3372,8827
3373,8828
3374,8829
3375,8830
3376,8831
3377,8832
3378,8833
3379,8834
3380,8835
3381,8836
3382,8837
3383,8838
3384,8839
3385,8840
3386,8841
3387,8842
3388,8843
3389,8844
3390,8845
3391,8846
3392,8847
3393,8848
3394,8849
3395,8850
3396,8851
3397,8852
3398,8853
3399,8854
3400,8855
3401,8856
3402,8857
3403,8858
3404,8859
3405,8860
3406,8861
3407,8862
3408,8863
3409,8864
3410,8865
3411,8866
3412,8867
3413,8868
3414,8869
3415,8870
3416,8871
3417,8872
3418,8873
3419,8874
3420,8875
3421,8876
3422,8877
3423,8878
3424,8879
3425,8880
3426,8881
3427,8882
3428,8883
3429,8884
3430,8885
3431,8886
3432,8887
3433,8888
3434,8889
3435,8890
3436,8891
3437,8892
3438,8893
3439,8894
3440,8895
3441,8896
3442,8897
3443,8898
3444,8899
3445,8900
3446,8901
3447,8902
3448,8903
3449,8904
3450,8905
3451,8906
3452,8907
3453,8908
3454,8909
3455,8910
3456,8911
3457,8912
3458,8913
3459,8914
3460,8915
3461,8916
3462,8917
3463,8918
3464,8919
3465,8920
3466,8921
3467,8922
3468,8923
3469,8924
3470,8925
3471,8926
3472,8927
3473,8928
3474,8929
3475,8930
3476,8931
3477,8932
3478,8933
3479,8934
3480,8935
3481,8936
3482,8937
3483,8938
3484,8939
3485,8940
3486,8941
3487,8942
3488,8943
3489,8944
3490,8945
3491,8946
3492,8947
3493,8948
3494,8949
3495,8950
3496,8951
3497,8952
3498,8953
3499,8954
3500,8955
3501,8956
3502,8957
3503,8958
3504,8959
3505,8960
3506,8961
3507,8962
3508,8963
3509,8964
3510,8965
3511,8966
3512,8967
3513,8968
3514,8969
3515,8970
3516,8971
3517,8972
3518,8973
3519,8974
3520,8975
3521,8976
3522,8977
3523,8978
3524,8979
3525,8980
3526,8981
3527,8982
3528,8983
3529,8984
3530,8985
3531,8986
3532,8987
3533,8988
3534,8989
3535,8990
3536,8991
3537,8992
3538,8993
3539,8994
3540,8995
3541,8996
3542,8997
3543,8998
3544,8999
3545,9000
3546,9001
3547,9002
3548,9003
3549,9004
3550,9005
3551,9006
3552,9007
3553,9008
3554,9009
3555,9010
3556,9011
3557,9012
3558,9013
3559,9014
3560,9015
3561,9016
3562,9017
3563,9018
3564,9019
3565,9020
3566,9021
3567,9022
3568,9023
3569,9024
3570,9025
3571,9026
3572,9027
3573,9028
3574,9029
3575,9030
3576,9031
3577,9032
3578,9033
3579,9034
3580,9035
3581,9036
3582,9037
3583,9038
3584,9039
3585,9040
3586,9041
3587,9042
3588,9043
3589,9044
3590,9045
3591,9046
3592,9047
3593,9048
3594,9049
3595,9050
3596,9051
3597,9052
3598,9053
3599,9054
3600,9055
3601,9056
3602,9057
3603,9058
3604,9059
3605,9060
3606,9061
3607,9062
3608,9063
3609,9064
3610,9065
3611,9066
3612,9067
3613,9068
3614,9069
3615,9070
3616,9071
3617,9072
3618,9073
3619,9074
3620,9075
3621,9076
3622,9077
3623,9078
3624,9079
3625,9080
3626,9081
3627,9082
3628,9083
3629,9084
3630,9085
3631,9086
3632,9087
3633,9088
3634,9089
3635,9090
3636,9091
3637,9092
3638,9093
3639,9094
3640,9095
3641,9096
3642,9097
3643,9098
3644,9099
3645,9100
3646,9101
3647,9102
3648,9103
3649,9104
3650,9105
3651,9106
3652,9107
3653,9108
3654,9109
3655,9110
3656,9111
3657,9112
3658,9113
3659,7131
3660,9114
3661,9115
3662,9116
3663,9117
3664,9118
3665,9119
3666,9120
3667,9121
3668,9122
3669,9123
3670,9124
3671,9125
3672,9126
3673,9127
3674,9128
3675,9129
3676,9130
3677,9131
3678,9132
3679,9133
3680,9134
3681,9135
3682,9136
3683,9137
3684,9138
3685,9139
3686,9140
3687,9141
3688,9142
3689,9143
3690,9144
3691,9145
3692,9146
3693,9147
3694,9148
3695,9149
3696,9150
3697,9151
3698,9152
3699,9153
3700,9154
3701,9155
3702,9156
3703,9157
3704,9158
3705,9159
3706,9160
3707,9161
3708,9162
3709,9163
3710,9164
3711,9165
3712,9166
3713,9167
3714,9168
3715,9169
3716,9170
3717,9171
3718,9172
3719,6692
3720,9173
3721,9174
3722,9175
3723,9176
3724,9177
3725,9178
3726,9179
3727,9180
3728,9181
3729,9182
3730,9183
3731,9184
3732,9185
3733,9186
3734,9187
3735,9188
3736,9189
3737,9190
3738,9191
3739,9192
3740,9193
3741,9194
3742,8650
3743,9195
3744,9196
3745,9197
3746,9198
3747,9199
3748,9200
3749,9201
3750,9202
3751,9203
3752,9204
3753,9205
3754,9206
3755,9207
3756,9208
3757,9209
3758,9210
3759,9211
3760,9212
3761,9213
3762,9214
3763,9215
3764,9216
3765,9217
3766,9218
3767,9219
3768,9220
3769,9221
3770,9222
3771,9223
3772,9224
3773,9225
3774,9226
3775,9227
3776,9228
3777,9229
3778,9230
3779,9231
3780,9232
3781,9233
3782,9234
3783,9235
3784,9236
3785,9237
3786,9238
3787,9239
3788,9240
3789,9241
3790,9242
3791,9243
3792,9244
3793,9245
3794,9246
3795,9247
3796,9248
3797,9249
3798,9250
3799,9251
3800,9252
3801,9253
3802,9254
3803,9255
3804,9256
3805,9257
3806,9258
3807,9259
3808,9260
3809,9261
3810,9262
3811,9263
3812,9264
3813,9265
3814,9266
3815,9267
3816,9268
3817,9269
3818,9270
3819,9271
3820,9272
3821,9273
3822,9274
3823,9275
3824,9276
3825,9277
3826,9278
3827,9279
3828,9280
3829,9281
3830,9282
3831,9283
3832,9284
3833,9285
3834,9286
3835,9287
3836,9288
3837,9289
3838,9290
3839,9291
3840,9292
3841,9293
3842,9294
3843,9295
3844,9296
3845,9297
3846,9298
3847,9299
3848,9300
3849,9301
3850,9302
3851,9303
3852,9304
3853,9305
3854,9306
3855,9307
3856,9308
3857,9309
3858,9310
3859,9311
3860,9312
3861,9313
3862,9314
3863,9315
3864,9316
3865,9317
3866,9318
3867,9319
3868,9320
3869,9321
3870,9322
3871,9323
3872,9324
3873,9325
3874,9326
3875,9327
3876,9328
3877,9329
3878,9330
3879,9331
3880,9332
3881,9333
3882,9334
3883,9335
3884,9336
3885,9337
3886,9338
3887,9339
3888,9340
3889,9341
3890,9243
3891,9342
3892,9343
3893,9344
3894,9345
3895,9346
3896,9347
3897,9348
3898,9349
3899,9350
3900,6971
3901,9351
3902,9352
3903,9353
3904,9354
3905,9355
3906,9356
3907,9357
3908,9358
3909,9359
3910,9360
3911,9361
3912,9362
3913,9363
3914,9364
3915,9365
3916,9366
3917,9367
3918,9368
3919,9369
3920,9370
3921,9371
3922,9372
3923,9373
3924,9374
3925,9375
3926,9376
3927,9377
3928,9378
3929,9379
3930,9380
3931,9381
3932,9382
3933,9383
3934,9384
3935,9385
3936,9386
3937,9387
3938,9388
3939,9389
3940,9390
3941,9391
3942,9392
3943,9393
3944,9394
3945,9395
3946,9396
3947,9397
3948,9398
3949,9399
3950,9400
3951,9401
3952,9402
3953,9403
3954,9404
3955,9405
3956,9406
3957,9407
3958,9408
3959,9409
3960,9410
3961,9411
3962,9412
3963,9413
3964,9414
3965,9415
3966,9416
3967,9417
3968,9418
3969,9419
3970,9420
3971,9421
3972,9422
3973,9423
3974,9424
3975,9425
3976,9426
3977,9427
3978,9428
3979,9429
3980,9430
3981,9431
3982,9432
3983,9433
3984,9434
3985,9435
3986,9436
3987,9437
3988,9438
3989,9439
3990,9440
3991,9441
3992,9442
3993,9443
3994,9444
3995,9445
3996,9446
3997,9447
3998,9448
3999,9449
4000,9450
4001,9451
4002,9452
4003,9453
4004,9454
4005,9455
4006,9456
4007,9457
4008,9458
4009,9459
4010,9460
4011,9461
4012,9462
4013,9463
4014,9464
4015,9465
4016,9466
4017,9467
4018,9468
4019,9469
4020,9470
4021,9471
4022,9472
4023,9473
4024,9474
4025,9475
4026,9476
4027,9477
4028,9478
4029,9479
4030,9480
4031,9481
4032,9482
4033,9483
4034,9484
4035,9485
4036,9243
4037,9486
4038,9487
4039,9488
4040,9489
4041,9490
4042,9491
4043,9492
4044,9493
4045,9494
4046,9495
4047,9496
4048,9497
4049,9498
4050,9499
4051,9500
4052,9501
4053,9502
4054,9503
4055,9504
4056,9505
4057,9506
4058,9507
4059,9508
4060,9509
4061,9510
4062,9511
4063,9512
4064,9513
4065,9514
4066,9515
4067,9516
4068,9517
4069,9518
4070,9519
4071,9520
4072,9521
4073,9522
4074,9523
4075,9524
4076,9399
4077,9525
4078,9526
4079,9527
4080,9528
4081,9529
4082,9530
4083,9531
4084,9532
4085,9533
4086,9534
4087,9535
4088,9536
4089,9537
4090,9538
4091,9539
4092,9540
4093,9541
4094,9542
4095,9543
4096,9544
4097,9545
4098,9546
4099,9547
4100,9548
4101,9549
4102,9550
4103,9551
4104,9552
4105,9553
4106,9554
4107,9555
4108,9556
4109,9557
4110,9558
4111,9559
4112,9560
4113,9561
4114,9562
4115,9563
4116,5476
4117,9564
4118,9565
4119,9566
4120,9567
4121,9568
4122,9569
4123,9570
4124,9571
4125,9572
4126,9573
4127,9574
4128,9575
4129,9576
4130,9577
4131,9578
4132,9579
4133,9580
4134,9581
4135,9582
4136,9583
4137,9584
4138,9585
4139,9586
4140,9587
4141,9588
4142,9589
4143,9590
4144,9591
4145,9592
4146,9593
4147,9594
4148,9595
4149,9596
4150,9597
4151,9598
4152,9599
4153,9600
4154,9601
4155,9602
4156,9603
4157,9604
4158,8686
4159,9605
4160,9606
4161,9607
4162,9608
4163,9609
4164,9610
4165,9611
4166,9612
4167,9613
4168,9614
4169,9615
4170,9616
4171,9617
4172,9618
4173,9619
4174,9620
4175,9621
4176,9622
4177,9623
4178,9624
4179,9625
4180,9626
4181,9627
4182,9628
4183,9629
4184,9630
4185,9631
4186,9632
4187,9633
4188,9634
4189,9635
4190,9636
4191,9637
4192,9638
4193,9639
4194,9640
4195,9641
4196,9642
4197,9643
4198,9644
4199,9645
4200,9646
4201,9647
4202,9648
4203,9649
4204,9650
4205,9651
4206,9652
4207,9653
4208,9654
4209,9655
4210,9656
4211,9657
4212,9658
4213,9659
4214,9660
4215,9661
4216,9662
4217,9663
4218,9664
4219,9665
4220,9666
4221,9667
4222,9668
4223,9669
4224,9670
4225,9671
4226,9672
4227,9673
4228,9674
4229,9675
4230,9676
4231,9677
4232,9678
4233,9679
4234,9680
4235,9681
4236,9682
4237,9683
4238,9684
4239,9685
4240,9686
4241,9687
4242,9688
4243,9689
4244,9690
4245,6156
4246,9691
4247,9692
4248,9693
4249,9694
4250,9695
4251,9696
4252,9697
4253,9698
4254,9699
4255,9700
4256,9701
4257,9702
4258,9703
4259,9704
4260,9705
4261,9706
4262,9707
4263,9708
4264,9709
4265,9710
4266,9711
4267,9712
4268,9713
4269,9714
4270,9715
4271,9716
4272,9717
4273,9718
4274,9719
4275,9720
4276,9721
4277,9722
4278,9723
4279,9724
4280,9725
4281,9726
4282,9727
4283,9728
4284,9729
4285,9730
4286,9731
4287,9732
4288,9733
4289,9734
4290,9735
4291,9736
4292,9737
4293,9738
4294,9739
4295,9740
4296,9741
4297,9742
4298,9743
4299,9744
4300,9745
4301,9746
4302,9747
4303,9748
4304,9749
4305,9750
4306,9751
4307,9752
4308,9753
4309,9754
4310,9755
4311,9756
4312,9757
4313,9758
4314,9759
4315,9760
4316,9761
4317,9762
4318,9763
4319,9764
4320,9765
4321,9766
4322,9767
4323,9768
4324,9769
4325,9770
4326,9771
4327,9772
4328,9773
4329,9774
4330,9775
4331,9776
4332,9777
4333,9778
4334,9779
4335,9780
4336,9781
4337,9782
4338,9783
4339,9784
4340,9785
4341,9786
4342,9787
4343,9788
4344,9789
4345,9790
4346,9791
4347,9792
4348,8356
4349,9793
4350,9794
4351,9795
4352,9796
4353,9797
4354,9798
4355,9799
4356,8356
4357,9800
4358,9801
4359,6909
4360,9802
4361,9803
4362,9804
4363,8237
4364,9805
4365,9806
4366,9807
4367,9808
4368,9809
4369,9810
4370,9811
4371,9812
4372,9813
4373,9814
4374,9815
4375,9816
4376,9817
4377,9818
4378,9819
4379,9820
4380,9821
4381,9822
4382,9823
4383,7210
4384,9824
4385,9825
4386,9826
4387,9827
4388,9828
4389,9829
4390,9830
4391,9831
4392,9832
4393,9833
4394,9834
4395,9835
4396,9836
4397,9837
4398,9838
4399,9839
4400,9840
4401,9841
4402,9842
4403,9843
4404,9844
4405,6500
4406,9845
4407,9794
4408,9846
4409,9847
4410,9848
4411,9849
4412,9850
4413,9851
4414,9852
4415,9853
4416,9854
4417,9855
4418,9856
4419,9857
4420,9858
4421,9859
4422,9860
4423,9861
4424,9862
4425,9863
4426,9864
4427,9865
4428,9866
4429,9867
4430,9868
4431,9869
4432,9870
4433,9869
4434,9871
4435,9872
4436,9873
4437,9874
4438,9875
4439,9876
4440,9877
4441,9878
4442,9879
4443,9880
4444,9881
4445,9882
4446,9883
4447,6495
4448,6487
4449,9884
4450,9885
4451,9886
4452,9887
4453,9888
4454,9889
4455,9890
4456,9891
4457,9892
4458,9893
4459,9894
4460,9895
4461,9896
4462,9897
4463,9898
4464,9899
4465,9900
4466,9901
4467,6441
4468,9902
4469,9903
4470,9904
4471,9905
4472,9906
4473,9907
4474,9908
4475,9909
4476,9910
4477,9911
4478,9912
4479,9913
4480,9914
4481,9915
4482,9916
4483,9917
4484,9918
4485,9919
4486,9920
4487,9921
4488,9922
4489,9923
4490,9924
4491,9925
4492,9926
4493,9927
4494,9928
4495,9929
4496,9930
4497,9931
4498,9932
4499,9933
4500,9934
4501,9935
4502,9936
4503,9937
4504,9938
4505,9939
4506,9940
4507,9941
4508,9942
4509,9943
4510,9944
4511,9945
4512,9946
4513,9947
4514,9948
4515,7702
4516,9949
4517,9950
4518,9951
4519,9952
4520,9953
4521,9954
4522,9955
4523,9956
4524,9957
4525,9958
4526,9959
4527,6900
4528,9960
4529,9961
4530,9962
4531,9963
4532,9907
4533,9964
4534,9965
4535,9966
4536,9967
4537,9968
4538,9969
4539,9970
4540,9971
4541,9861
4542,9972
4543,9973
4544,9974
4545,9975
4546,9976
4547,9977
4548,9978
4549,9979
4550,6071
4551,9980
4552,9981
4553,9982
4554,9983
4555,9984
4556,9985
4557,9986
4558,9987
4559,9988
4560,9989
4561,9990
4562,9991
4563,9992
4564,9993
4565,9994
4566,9995
4567,9996
4568,9997
4569,9998
4570,9999
4571,10000
4572,10001
4573,10002
4574,10003
4575,10004
4576,10005
4577,10006
4578,10007
4579,10008
4580,10009
4581,10010
4582,10011
4583,10012
4584,10013
4585,10014
4586,10015
4587,10016
4588,10017
4589,10018
4590,10019
4591,10020
4592,10021
4593,10022
4594,6508
4595,10023
4596,10024
4597,10025
4598,10026
4599,10027
4600,10028
4601,10029
4602,10030
4603,10031
4604,10032
4605,10033
4606,10034
4607,10035
4608,10036
4609,10037
4610,10038
4611,10039
4612,10040
4613,10041
4614,10042
4615,10043
4616,10044
4617,10045
4618,10046
4619,10047
4620,10048
4621,10049
4622,10050
4623,10051
4624,10052
4625,10053
4626,10054
4627,10055
4628,10056
4629,10057
4630,10058
4631,10059
4632,10060
4633,10061
4634,10062
4635,10063
4636,10064
4637,10065
4638,10066
4639,10067
4640,10068
4641,10069
4642,10070
4643,10071
4644,10072
4645,10073
4646,10074
4647,10075
4648,10076
4649,10077
4650,10078
4651,10079
4652,10080
4653,10081
4654,10082
4655,10083
4656,10084
4657,10085
4658,10086
4659,10087
4660,10088
4661,10089
4662,10090
4663,10091
4664,10092
4665,10093
4666,10094
4667,10095
4668,10096
4669,10097
4670,10098
4671,10099
4672,10100
4673,10101
4674,10102
4675,10103
4676,10104
4677,10105
4678,10106
4679,10107
4680,10108
4681,10109
4682,10110
4683,10111
4684,10112
4685,10113
4686,10114
4687,10115
4688,10116
4689,10117
4690,10118
4691,10119
4692,10120
4693,10121
4694,10122
4695,10123
4696,10124
4697,10125
4698,10126
4699,10127
4700,10128
4701,10129
4702,10130
4703,10131
4704,10132
4705,10133
4706,10134
4707,10135
4708,10136
4709,10137
4710,10138
4711,10139
4712,10140
4713,10141
4714,10142
4715,10143
4716,10144
4717,10145
4718,10146
4719,10147
4720,10148
4721,10149
4722,10150
4723,10151
4724,10152
4725,10153
4726,10154
4727,10155
4728,10156
4729,10157
4730,10158
4731,10159
4732,10160
4733,10161
4734,10162
4735,10163
4736,10164
4737,10165
4738,10166
4739,10167
4740,10168
4741,10169
4742,10170
4743,10171
4744,10172
4745,10173
4746,10174
4747,10175
4748,10176
4749,10177
4750,10178
4751,10179
4752,10180
4753,10181
4754,10182
4755,10183
4756,10184
4757,10185
4758,10186
4759,10187
4760,10188
4761,10189
4762,10190
4763,10191
4764,10192
4765,10193
4766,10194
4767,10195
4768,10196
4769,10197
4770,10198
4771,10199
4772,10200
4773,10201
4774,10202
4775,10203
4776,10204
4777,10205
4778,10206
4779,10207
4780,10208
4781,10209
4782,10210
4783,10211
4784,10212
4785,10213
4786,10214
4787,10215
4788,10216
4789,10217
4790,10218
4791,10219
4792,10220
4793,10221
4794,10222
4795,10223
4796,10224
4797,10225
4798,10226
4799,10227
4800,10228
4801,10229
4802,10230
4803,10231
4804,10232
4805,10233
4806,10234
4807,10235
4808,10236
4809,10237
4810,10238
4811,10239
4812,10240
4813,10241
4814,10242
4815,10243
4816,10244
4817,10245
4818,10246
4819,10247
4820,10248
4821,10249
4822,10250
4823,10251
4824,10252
4825,10253
4826,10254
4827,10255
4828,10256
4829,10257
4830,10258
4831,10259
4832,10260
4833,10261
4834,10262
4835,10263
4836,10264
4837,10265
4838,10266
4839,10267
4840,10268
4841,10269
4842,10270
4843,10271
4844,10272
4845,10273
4846,10274
4847,10275
4848,10276
4849,10277
4850,10278
4851,10279
4852,10280
4853,10281
4854,10282
4855,10283
4856,10284
4857,10285
4858,10286
4859,10287
4860,10288
4861,10289
4862,10290
4863,10291
4864,10292
4865,10293
4866,10294
4867,10295
4868,10296
4869,10297
4870,10298
4871,10299
4872,10300
4873,10301
4874,10302
4875,10303
4876,10304
4877,10305
4878,10306
4879,10307
4880,10308
4881,10309
4882,10310
4883,10311
4884,10312
4885,10313
4886,10314
4887,10315
4888,10316
4889,10317
4890,10318
4891,10319
4892,10320
4893,10321
4894,10322
4895,10323
4896,10324
4897,10325
4898,10326
4899,10327
4900,10328
4901,10329
4902,10330
4903,10331
4904,10332
4905,10333
4906,10334
4907,10335
4908,10336
4909,10337
4910,10338
4911,10339
4912,10340
4913,10341
4914,10342
4915,10343
4916,10344
4917,10345
4918,10346
4919,10347
4920,10348
4921,10349
4922,10350
4923,10351
4924,10352
4925,10353
4926,10354
4927,10355
4928,10356
4929,10357
4930,10358
4931,10359
4932,10360
4933,10361
4934,10362
4935,10363
4936,10364
4937,10365
4938,10366
4939,10367
4940,10368
4941,10369
4942,10370
4943,10371
4944,10372
4945,10373
4946,10374
4947,10375
4948,10376
4949,10377
4950,10378
4951,10379
4952,10380
4953,10381
4954,10382
4955,10383
4956,10384
4957,10385
4958,10386
4959,10387
4960,10388
4961,10389
4962,10390
4963,10391
4964,10392
4965,10393
4966,10394
4967,10395
4968,10396
4969,10397
4970,10398
4971,10399
4972,10400
4973,10401
4974,10402
4975,10403
4976,10404
4977,10405
4978,10406
4979,10407
4980,10408
4981,10409
4982,10410
4983,10411
4984,10412
4985,10413
4986,10414
4987,10415
4988,10416
4989,10417
4990,10418
4991,10419
4992,10420
4993,10421
4994,10422
4995,10423
4996,10424
4997,10425
4998,10426
4999,10427
5000,10428
5001,10429
5002,10430
5003,10431
5004,10432
5005,10433
5006,10434
5007,10435
5008,10436
5009,10437
5010,10438
5011,10439
5012,10440
5013,10441
5014,10442
5015,10443
5016,10444
5017,10445
5018,10446
5019,10447
5020,10448
5021,10449
5022,10450
5023,10451
5024,10452
5025,10453
5026,10454
5027,10455
5028,10456
5029,10457
5030,10458
5031,10459
5032,10460
5033,10461
5034,10462
5035,10463
5036,10464
5037,10465
5038,10466
5039,10467
5040,10468
5041,10469
5042,10470
5043,10471
5044,10472
5045,10473
5046,10474
5047,10475
5048,10476
5049,10477
5050,10478
5051,10479
5052,10480
5053,10481
5054,10482
5055,10483
5056,10484
5057,10485
5058,10486
5059,10487
5060,10488
5061,10489
5062,10490
5063,10491
5064,10492
5065,10493
5066,10494
5067,10495
5068,10496
5069,10497
5070,10498
5071,10499
5072,10500
5073,10501
5074,10502
5075,10503
5076,10504
5077,10505
5078,10506
5079,10507
5080,10508
5081,10509
5082,10510
5083,10511
5084,10512
5085,10513
5086,10514
5087,10515
5088,10516
5089,10517
5090,10518
5091,10519
5092,10520
5093,10521
5094,10522
5095,10523
5096,10524
5097,10525
5098,10526
5099,10527
5100,10528
5101,10529
5102,10530
5103,10531
5104,10532
5105,10533
5106,10534
5107,10535
5108,10536
5109,10537
5110,10538
5111,10539
5112,10540
5113,10541
5114,10542
5115,10543
5116,10544
5117,10545
5118,10546
5119,10547
5120,10548
5121,10549
5122,10550
5123,10551
5124,10552
5125,10553
5126,10554
5127,10555
5128,10556
5129,10557
5130,10558
5131,10559
5132,10560
5133,10561
5134,10562
5135,10563
5136,10564
5137,10565
5138,10566
5139,10567
5140,10568
5141,10569
5142,10570
5143,10571
5144,10572
5145,10573
5146,10574
5147,10575
5148,10576
5149,10577
5150,10578
5151,10579
5152,10580
5153,10581
5154,10582
5155,10583
5156,10584
5157,10585
5158,10586
5159,10587
5160,10588
5161,10589
5162,10590
5163,10591
5164,10592
5165,10593
5166,10594
5167,10595
5168,10596
5169,10597
5170,10598
5171,10599
5172,10600
5173,10601
5174,10602
5175,10603
5176,10604
5177,10605
5178,10606
5179,10607
5180,9101
5181,10608
5182,10609
5183,10610
5184,10611
5185,10612
5186,10613
5187,10614
5188,10615
5189,10616
5190,10617
5191,10618
5192,10619
5193,10620
5194,10621
5195,10622
5196,10623
5197,10624
5198,10625
5199,10626
5200,10627
5201,10628
5202,10629
5203,10630
5204,10631
5205,10632
5206,10633
5207,10634
5208,10635
5209,10636
5210,10637
5211,10638
5212,10639
5213,10640
5214,10641
5215,10642
5216,10643
5217,10644
5218,10645
5219,10646
5220,10647
5221,10648
5222,10649
5223,10650
5224,10651
5225,10652
5226,10653
5227,10654
5228,10655
5229,10656
5230,10657
5231,10658
5232,10659
5233,10660
5234,10661
5235,10662
5236,10663
5237,10664
5238,10665
5239,10666
5240,10667
5241,10668
5242,10669
5243,10670
5244,10671
5245,10672
5246,10673
5247,10674
5248,10675
5249,10676
5250,10677
5251,10678
5252,10679
5253,10680
5254,10681
5255,10682
5256,10683
5257,10684
5258,10685
5259,10686
5260,10687
5261,10688
5262,10689
5263,10690
5264,10691
5265,10692
5266,10693
5267,10694
5268,10695
5269,10696
5270,10697
5271,10698
5272,10699
5273,10700
5274,10701
5275,10702
5276,10703
5277,10704
5278,10705
5279,10706
5280,10707
5281,10708
5282,10709
5283,10710
5284,10711
5285,10712
5286,10713
5287,10714
5288,10715
5289,10716
5290,10717
5291,10718
5292,10719
5293,10720
5294,10721
5295,10722
5296,10723
5297,10724
5298,10725
5299,10726
5300,10727
5301,10728
5302,10729
5303,10730
5304,10731
5305,10732
5306,10733
5307,10734
5308,10735
5309,10736
5310,10737
5311,10738
5312,10739
5313,10740
5314,10741
5315,10742
5316,10743
5317,10744
5318,10745
5319,10746
5320,10747
5321,10748
5322,10749
5323,10750
5324,10751
5325,10752
5326,10753
5327,10754
5328,10755
5329,10756
5330,10757
5331,9649
5332,10758
5333,10759
5334,10760
5335,10761
5336,10762
5337,10763
5338,10764
5339,10765
5340,10766
5341,10767
5342,10768
5343,10769
5344,10770
5345,10771
5346,10772
5347,10773
5348,10774
5349,10775
5350,10776
5351,9113
5352,10777
5353,10778
5354,10779
5355,10780
5356,10781
5357,10782
5358,10783
5359,10784
5360,10785
5361,10786
5362,10787
5363,10788
5364,10789
5365,10790
5366,10791
5367,10792
5368,10793
5369,10794
5370,10795
5371,10796
5372,10797
5373,10798
5374,10799
5375,10800
5376,10801
5377,10802
5378,10803
5379,10804
5380,10805
5381,10806
5382,10807
5383,10808
5384,10809
5385,10810
5386,10811
5387,10812
5388,10813
5389,10814
5390,10815
5391,10816
5392,10817
5393,10818
5394,10819
5395,10820
5396,10821
5397,10822
5398,10823
5399,10824
5400,10825
5401,10826
5402,10827
5403,10828
5404,10829
5405,10830
5406,10831
5407,10832
5408,10833
5409,10834
5410,10835
5411,10836
5412,10837
5413,10838
5414,10839
5415,10840
5416,10841
5417,10842
5418,10843
5419,10844
5420,10845
5421,10846
5422,10847
5423,10848
5424,10849
5425,10850
5426,10851
5427,10852
5428,10853
5429,10854
5430,10855
5431,10856
5432,10857
5433,10858
5434,10859
5435,10860
5436,10861
5437,10862
5438,10863
5439,10864
5440,10865
5441,10866
5442,10867
5443,10868
5444,10869
5445,10870
5446,10871
5447,10872
5448,10873
5449,10874
5450,10875
5451,10876
5452,10877
5453,10878
5454,10879
5455,10880
5456,10881
5457,10882
5458,10883
5459,10884
5460,10885
5461,10886
5462,10887
5463,10888
5464,10889
5465,10890
5466,10891
5467,10892
5468,10893
5469,10894
5470,10895
